,ID,Type,SKU,Name,Published,Is featured?,Visibility in catalog,Short description,Description,Date sale price starts,Date sale price ends,Tax status,Tax class,In stock?,Stock,Low stock amount,Backorders allowed?,Sold individually?,Weight (kg),Length (cm),Width (cm),Height (cm),Allow customer reviews?,Purchase note,Sale price,Regular price,Categories,Tags,Shipping class,Images,Download limit,Download expiry days,Parent,Grouped products,Upsells,Cross-sells,External URL,Button text,Position,Attribute 1 name,Attribute 1 value(s),Attribute 1 visible,Attribute 1 global,Attribute 2 name,Attribute 2 value(s),Attribute 2 visible,Attribute 2 global,Attribute 3 name,Attribute 3 value(s),Attribute 3 visible,Attribute 3 global,Attribute 4 name,Attribute 4 value(s),Attribute 4 visible,Attribute 4 global,Meta: _product_addons_exclude_global,Meta: _wpml_word_count,Meta: _wpml_media_duplicate,Meta: _wpml_media_featured,Meta: _wpml_media_has_media,Meta: _yoast_wpseo_content_score,Attribute 1 default,Attribute 2 default,Attribute 3 default,Attribute 4 default
OP1W5D2MA52/22,757,variation,OP1W5D2MA52/22,Optimal Performance,1,0,visible,,,,,taxable,parent,1,,,0,0,,,,,0,,,2240,,,,,,,id:520,,,,,,1,Number of Calories,2200,,1,Number of days a week,5 days,,1,Duration,1 week,,1,Selected Meals (2 snacks included),Breakfast &amp; Lunch,,1,,,,,,,,,,
OP1W5D2MA52/26,775,variation,OP1W5D2MA52/26,Optimal Performance,1,0,visible,,,,,taxable,parent,1,,,0,0,,,,,0,,,2690,,,,,,,id:520,,,,,,19,Number of Calories,2600,,1,Number of days a week,5 days,,1,Duration,1 week,,1,Selected Meals (2 snacks included),Breakfast &amp; Lunch,,1,,,,,,,,,,
OP1W5D3MA53/22,759,variation,OP1W5D3MA53/22,Optimal Performance,1,0,visible,,,,,taxable,parent,1,,,0,0,,,,,0,,,2690,,,,,,,id:520,,,,,,3,Number of Calories,2200,,1,Number of days a week,5 days,,1,Duration,1 week,,1,Selected Meals (2 snacks included),Full Day,,1,,,,,,,,,,
OP1W5D3MA53/26,777,variation,OP1W5D3MA53/26,Optimal Performance,1,0,visible,,,,,taxable,parent,1,,,0,0,,,,,0,,,3140,,,,,,,id:520,,,,,,21,Number of Calories,2600,,1,Number of days a week,5 days,,1,Duration,1 week,,1,Selected Meals (2 snacks included),Full Day,,1,,,,,,,,,,
OP1W5D4MA56/22,758,variation,OP1W5D4MA56/22,Optimal Performance,1,0,visible,,,,,taxable,parent,1,,,0,0,,,,,0,,,2490,,,,,,,id:520,,,,,,2,Number of Calories,2200,,1,Number of days a week,5 days,,1,Duration,1 week,,1,Selected Meals (2 snacks included),Lunch &amp; Dinner,,1,,,,,,,,,,
OP1W5D4MA56/26,776,variation,OP1W5D4MA56/26,Optimal Performance,1,0,visible,,,,,taxable,parent,1,,,0,0,,,,,0,,,2645,,,,,,,id:520,,,,,,20,Number of Calories,2600,,1,Number of days a week,5 days,,1,Duration,1 week,,1,Selected Meals (2 snacks included),Lunch &amp; Dinner,,1,,,,,,,,,,
OP1W6D2MA54/22,766,variation,OP1W6D2MA54/22,Optimal Performance,1,0,visible,,,,,taxable,parent,1,,,0,0,,,,,0,,,2688,,,,,,,id:520,,,,,,10,Number of Calories,2200,,1,Number of days a week,6 days,,1,Duration,1 week,,1,Selected Meals (2 snacks included),Breakfast &amp; Lunch,,1,,,,,,,,,,
OP1W6D2MA54/26,784,variation,OP1W6D2MA54/26,Optimal Performance,1,0,visible,,,,,taxable,parent,1,,,0,0,,,,,0,,,2904,,,,,,,id:520,,,,,,28,Number of Calories,2600,,1,Number of days a week,6 days,,1,Duration,1 week,,1,Selected Meals (2 snacks included),Breakfast &amp; Lunch,,1,,,,,,,,,,
OP1W6D3MA55/22,768,variation,OP1W6D3MA55/22,Optimal Performance,1,0,visible,,,,,taxable,parent,1,,,0,0,,,,,0,,,3228,,,,,,,id:520,,,,,,12,Number of Calories,2200,,1,Number of days a week,6 days,,1,Duration,1 week,,1,Selected Meals (2 snacks included),Full Day,,1,,,,,,,,,,
OP1W6D3MA55/26,786,variation,OP1W6D3MA55/26,Optimal Performance,1,0,visible,,,,,taxable,parent,1,,,0,0,,,,,0,,,3768,,,,,,,id:520,,,,,,30,Number of Calories,2600,,1,Number of days a week,6 days,,1,Duration,1 week,,1,Selected Meals (2 snacks included),Full Day,,1,,,,,,,,,,
OP1W6D4MA57/22,767,variation,OP1W6D4MA57/22,Optimal Performance,1,0,visible,,,,,taxable,parent,1,,,0,0,,,,,0,,,2988,,,,,,,id:520,,,,,,11,Number of Calories,2200,,1,Number of days a week,6 days,,1,Duration,1 week,,1,Selected Meals (2 snacks included),Lunch &amp; Dinner,,1,,,,,,,,,,
OP1W6D4MA57/26,785,variation,OP1W6D4MA57/26,Optimal Performance,1,0,visible,,,,,taxable,parent,1,,,0,0,,,,,0,,,3174,,,,,,,id:520,,,,,,29,Number of Calories,2600,,1,Number of days a week,6 days,,1,Duration,1 week,,1,Selected Meals (2 snacks included),Lunch &amp; Dinner,,1,,,,,,,,,,
OP2W5D2MA17/22,760,variation,OP2W5D2MA17/22,Optimal Performance,1,0,visible,,,,,taxable,parent,1,,,0,0,,,,,0,,,4480,,,,,,,id:520,,,,,,4,Number of Calories,2200,,1,Number of days a week,5 days,,1,Duration,2 weeks,,1,Selected Meals (2 snacks included),Breakfast &amp; Lunch,,1,,,,,,,,,,
OP2W5D2MA17/26,778,variation,OP2W5D2MA17/26,Optimal Performance,1,0,visible,,,,,taxable,parent,1,,,0,0,,,,,0,,,5380,,,,,,,id:520,,,,,,22,Number of Calories,2600,,1,Number of days a week,5 days,,1,Duration,2 weeks,,1,Selected Meals (2 snacks included),Breakfast &amp; Lunch,,1,,,,,,,,,,
OP2W5D3MA18/22,762,variation,OP2W5D3MA18/22,Optimal Performance,1,0,visible,,,,,taxable,parent,1,,,0,0,,,,,0,,,5380,,,,,,,id:520,,,,,,6,Number of Calories,2200,,1,Number of days a week,5 days,,1,Duration,2 weeks,,1,Selected Meals (2 snacks included),Full Day,,1,,,,,,,,,,
OP2W5D3MA18/26,780,variation,OP2W5D3MA18/26,Optimal Performance,1,0,visible,,,,,taxable,parent,1,,,0,0,,,,,0,,,6280,,,,,,,id:520,,,,,,24,Number of Calories,2600,,1,Number of days a week,5 days,,1,Duration,2 weeks,,1,Selected Meals (2 snacks included),Full Day,,1,,,,,,,,,,
OP2W5D4MA21/22,761,variation,OP2W5D4MA21/22,Optimal Performance,1,0,visible,,,,,taxable,parent,1,,,0,0,,,,,0,,,4980,,,,,,,id:520,,,,,,5,Number of Calories,2200,,1,Number of days a week,5 days,,1,Duration,2 weeks,,1,Selected Meals (2 snacks included),Lunch &amp; Dinner,,1,,,,,,,,,,
OP2W5D4MA21/26,779,variation,OP2W5D4MA21/26,Optimal Performance,1,0,visible,,,,,taxable,parent,1,,,0,0,,,,,0,,,5290,,,,,,,id:520,,,,,,23,Number of Calories,2600,,1,Number of days a week,5 days,,1,Duration,2 weeks,,1,Selected Meals (2 snacks included),Lunch &amp; Dinner,,1,,,,,,,,,,
OP2W6D2MA19/22,769,variation,OP2W6D2MA19/22,Optimal Performance,1,0,visible,,,,,taxable,parent,1,,,0,0,,,,,0,,,5376,,,,,,,id:520,,,,,,13,Number of Calories,2200,,1,Number of days a week,6 days,,1,Duration,2 weeks,,1,Selected Meals (2 snacks included),Breakfast &amp; Lunch,,1,,,,,,,,,,
OP2W6D2MA19/26,787,variation,OP2W6D2MA19/26,Optimal Performance,1,0,visible,,,,,taxable,parent,1,,,0,0,,,,,0,,,6456,,,,,,,id:520,,,,,,31,Number of Calories,2600,,1,Number of days a week,6 days,,1,Duration,2 weeks,,1,Selected Meals (2 snacks included),Breakfast &amp; Lunch,,1,,,,,,,,,,
OP2W6D3MA20/22,771,variation,OP2W6D3MA20/22,Optimal Performance,1,0,visible,,,,,taxable,parent,1,,,0,0,,,,,0,,,6456,,,,,,,id:520,,,,,,15,Number of Calories,2200,,1,Number of days a week,6 days,,1,Duration,2 weeks,,1,Selected Meals (2 snacks included),Full Day,,1,,,,,,,,,,
OP2W6D3MA20/26,789,variation,OP2W6D3MA20/26,Optimal Performance,1,0,visible,,,,,taxable,parent,1,,,0,0,,,,,0,,,7536,,,,,,,id:520,,,,,,33,Number of Calories,2600,,1,Number of days a week,6 days,,1,Duration,2 weeks,,1,Selected Meals (2 snacks included),Full Day,,1,,,,,,,,,,
OP2W6D4MA22/22,770,variation,OP2W6D4MA22/22,Optimal Performance,1,0,visible,,,,,taxable,parent,1,,,0,0,,,,,0,,,5976,,,,,,,id:520,,,,,,14,Number of Calories,2200,,1,Number of days a week,6 days,,1,Duration,2 weeks,,1,Selected Meals (2 snacks included),Lunch &amp; Dinner,,1,,,,,,,,,,
OP2W6D4MA22/26,788,variation,OP2W6D4MA22/26,Optimal Performance,1,0,visible,,,,,taxable,parent,1,,,0,0,,,,,0,,,6348,,,,,,,id:520,,,,,,32,Number of Calories,2600,,1,Number of days a week,6 days,,1,Duration,2 weeks,,1,Selected Meals (2 snacks included),Lunch &amp; Dinner,,1,,,,,,,,,,
OP3W5D2MA21/22,763,variation,OP3W5D2MA21/22,Optimal Performance,1,0,visible,,,,,taxable,parent,1,,,0,0,,,,,0,,,6720,,,,,,,id:520,,,,,,7,Number of Calories,2200,,1,Number of days a week,5 days,,1,Duration,3 weeks,,1,Selected Meals (2 snacks included),Breakfast &amp; Lunch,,1,,,,,,,,,,
OP3W5D2MA21/26,781,variation,OP3W5D2MA21/26,Optimal Performance,1,0,visible,,,,,taxable,parent,1,,,0,0,,,,,0,,,8070,,,,,,,id:520,,,,,,25,Number of Calories,2600,,1,Number of days a week,5 days,,1,Duration,3 weeks,,1,Selected Meals (2 snacks included),Breakfast &amp; Lunch,,1,,,,,,,,,,
OP3W5D3MA22/22,765,variation,OP3W5D3MA22/22,Optimal Performance,1,0,visible,,,,,taxable,parent,1,,,0,0,,,,,0,,,8070,,,,,,,id:520,,,,,,9,Number of Calories,2200,,1,Number of days a week,5 days,,1,Duration,3 weeks,,1,Selected Meals (2 snacks included),Full Day,,1,,,,,,,,,,
OP3W5D3MA22/26,783,variation,OP3W5D3MA22/26,Optimal Performance,1,0,visible,,,,,taxable,parent,1,,,0,0,,,,,0,,,9420,,,,,,,id:520,,,,,,27,Number of Calories,2600,,1,Number of days a week,5 days,,1,Duration,3 weeks,,1,Selected Meals (2 snacks included),Full Day,,1,,,,,,,,,,
OP3W5D4MA25/22,764,variation,OP3W5D4MA25/22,Optimal Performance,1,0,visible,,,,,taxable,parent,1,,,0,0,,,,,0,,,7470,,,,,,,id:520,,,,,,8,Number of Calories,2200,,1,Number of days a week,5 days,,1,Duration,3 weeks,,1,Selected Meals (2 snacks included),Lunch &amp; Dinner,,1,,,,,,,,,,
OP3W5D4MA25/26,782,variation,OP3W5D4MA25/26,Optimal Performance,1,0,visible,,,,,taxable,parent,1,,,0,0,,,,,0,,,7935,,,,,,,id:520,,,,,,26,Number of Calories,2600,,1,Number of days a week,5 days,,1,Duration,3 weeks,,1,Selected Meals (2 snacks included),Lunch &amp; Dinner,,1,,,,,,,,,,
OP3W6D2MA23/22,772,variation,OP3W6D2MA23/22,Optimal Performance,1,0,visible,,,,,taxable,parent,1,,,0,0,,,,,0,,,8064,,,,,,,id:520,,,,,,16,Number of Calories,2200,,1,Number of days a week,6 days,,1,Duration,3 weeks,,1,Selected Meals (2 snacks included),Breakfast &amp; Lunch,,1,,,,,,,,,,
OP3W6D2MA23/26,790,variation,OP3W6D2MA23/26,Optimal Performance,1,0,visible,,,,,taxable,parent,1,,,0,0,,,,,0,,,9684,,,,,,,id:520,,,,,,34,Number of Calories,2600,,1,Number of days a week,6 days,,1,Duration,3 weeks,,1,Selected Meals (2 snacks included),Breakfast &amp; Lunch,,1,,,,,,,,,,
OP3W6D3MA24/22,774,variation,OP3W6D3MA24/22,Optimal Performance,1,0,visible,,,,,taxable,parent,1,,,0,0,,,,,0,,,9684,,,,,,,id:520,,,,,,18,Number of Calories,2200,,1,Number of days a week,6 days,,1,Duration,3 weeks,,1,Selected Meals (2 snacks included),Full Day,,1,,,,,,,,,,
OP3W6D3MA24/26,792,variation,OP3W6D3MA24/26,Optimal Performance,1,0,visible,,,,,taxable,parent,1,,,0,0,,,,,0,,,10170,,,,,,,id:520,,,,,,36,Number of Calories,2600,,1,Number of days a week,6 days,,1,Duration,3 weeks,,1,Selected Meals (2 snacks included),Full Day,,1,,,,,,,,,,
OP3W6D4MA26/22,773,variation,OP3W6D4MA26/22,Optimal Performance,1,0,visible,,,,,taxable,parent,1,,,0,0,,,,,0,,,8964,,,,,,,id:520,,,,,,17,Number of Calories,2200,,1,Number of days a week,6 days,,1,Duration,3 weeks,,1,Selected Meals (2 snacks included),Lunch &amp; Dinner,,1,,,,,,,,,,
OP3W6D4MA26/26,791,variation,OP3W6D4MA26/26,Optimal Performance,1,0,visible,,,,,taxable,parent,1,,,0,0,,,,,0,,,9522,,,,,,,id:520,,,,,,35,Number of Calories,2600,,1,Number of days a week,6 days,,1,Duration,3 weeks,,1,Selected Meals (2 snacks included),Lunch &amp; Dinner,,1,,,,,,,,,,